month,trip_distance
2013-04,2.8628991823299756
2013-05,2.9141553664630053
2013-06,2.9399074315058207
2013-07,2.904795770929059
2013-08,77.43503586576892
2013-09,2.9832151238334954
